"Top Spin 4","2KCzech","2KSports","2011","sports","X360","topspin4.jpg","Recently Played","5","A tennis simulation video game."," - Awesome",
"Virtua Tennis 4","sega","sega","2011","sports","X360","virtuatennis4.jpg","My Favorites","5","An arcade tennis video game."," - Graphichs are good",
"Tennis World Tour","Bigben interaction","Bigben interaction","2018","sports","PS4-NS-X1","tennisworldtour.jpg","My Games","4.5","A tennis world tour simulation video game.","",
"AO Tennis","Big Ant Studios","Big Ant Studios","2018","sports","PS4-X1","aotennis.png","My Games","3","A AO Tennis video game.","",
"NBA Live","EA Sports","EA Sports","2011","sports","X360","topspin4.png","My Games","5","A tennis simulation video game.","",
"Golf","EA Sports","EA Sports","2011","sports","X360","virtuatennis4.png","My Games","5","An arcade tennis video game.","",
